L1,L2,L3,L3 link
食品雜貨,米‧麵粉,"米,香米,壽司米",https://www.rt-mart.com.tw/nh2/index.php?action=product_sort&prod_sort_uid=5438
食品雜貨,米‧麵粉,"五穀米,胚芽米",https://www.rt-mart.com.tw/nh2/index.php?action=product_sort&prod_sort_uid=5439
食品雜貨,米‧麵粉,麵粉,https://www.rt-mart.com.tw/nh2/index.php?action=product_sort&prod_sort_uid=5440
食品雜貨,麵條‧米粉‧冬粉,米粉‧冬粉,https://www.rt-mart.com.tw/nh2/index.php?action=product_sort&prod_sort_uid=5441
食品雜貨,麵條‧米粉‧冬粉,一般麵條,https://www.rt-mart.com.tw/nh2/index.php?action=product_sort&prod_sort_uid=5442
食品雜貨,麵條‧米粉‧冬粉,麵線‧雞絲麵,https://www.rt-mart.com.tw/nh2/index.php?action=product_sort&prod_sort_uid=5444
食品雜貨,麵條‧米粉‧冬粉,義大利麵,https://www.rt-mart.com.tw/nh2/index.php?action=product_sort&prod_sort_uid=5445
食品雜貨,調味一系列,醬油‧油膏‧魚露,https://www.rt-mart.com.tw/nh2/index.php?action=product_sort&prod_sort_uid=5448
食品雜貨,調味一系列,辣椒‧豆瓣‧甜辣醬,https://www.rt-mart.com.tw/nh2/index.php?action=product_sort&prod_sort_uid=5449
食品雜貨,調味一系列,拌麵醬‧義大利麵醬,https://www.rt-mart.com.tw/nh2/index.php?action=product_sort&prod_sort_uid=5450
食品雜貨,調味一系列,番茄醬‧味增,https://www.rt-mart.com.tw/nh2/index.php?action=product_sort&prod_sort_uid=5451
食品雜貨,調味一系列,沙茶醬‧咖哩‧沾醬,https://www.rt-mart.com.tw/nh2/index.php?action=product_sort&prod_sort_uid=5452
食品雜貨,調味一系列,糖‧蜂蜜‧果糖,https://www.rt-mart.com.tw/nh2/index.php?action=product_sort&prod_sort_uid=5458
食品雜貨,食用油,橄欖油‧葵花油,https://www.rt-mart.com.tw/nh2/index.php?action=product_sort&prod_sort_uid=5459
食品雜貨,食用油,花生油‧調和油,https://www.rt-mart.com.tw/nh2/index.php?action=product_sort&prod_sort_uid=5460
食品雜貨,食用油,沙拉油‧其他,https://www.rt-mart.com.tw/nh2/index.php?action=product_sort&prod_sort_uid=5461
食品雜貨,南北雜貨,香菇.木耳.香辛料滷包,https://www.rt-mart.com.tw/nh2/index.php?action=product_sort&prod_sort_uid=5462
食品雜貨,南北雜貨,五穀雜糧,https://www.rt-mart.com.tw/nh2/index.php?action=product_sort&prod_sort_uid=5463
食品雜貨,南北雜貨,枸杞‧紅棗‧中藥材.燉包,https://www.rt-mart.com.tw/nh2/index.php?action=product_sort&prod_sort_uid=5464
食品雜貨,南北雜貨,冬瓜茶.消暑茶品,https://www.rt-mart.com.tw/nh2/index.php?action=product_sort&prod_sort_uid=20733
食品雜貨,南北雜貨,乾魚.乾蝦.紫菜.昆布,https://www.rt-mart.com.tw/nh2/index.php?action=product_sort&prod_sort_uid=20757
食品雜貨,保健食品,雞精‧蜆精‧機能營養補給,https://www.rt-mart.com.tw/nh2/index.php?action=product_sort&prod_sort_uid=5465
食品雜貨,保健食品,四物飲,https://www.rt-mart.com.tw/nh2/index.php?action=product_sort&prod_sort_uid=5466
食品雜貨,保健食品,維他命‧營養保健品,https://www.rt-mart.com.tw/nh2/index.php?action=product_sort&prod_sort_uid=5468
食品雜貨,禮盒區,雞精‧咖啡‧茶禮盒,https://www.rt-mart.com.tw/nh2/index.php?action=product_sort&prod_sort_uid=5472
食品雜貨,禮盒區,糖果‧餅乾禮盒,https://www.rt-mart.com.tw/nh2/index.php?action=product_sort&prod_sort_uid=5474
食品雜貨,禮盒區,點心禮盒,https://www.rt-mart.com.tw/nh2/index.php?action=product_sort&prod_sort_uid=5475
食品雜貨,調味粉,胡椒粉‧胡椒粒,https://www.rt-mart.com.tw/nh2/index.php?action=product_sort&prod_sort_uid=37715
食品雜貨,調味粉,鹽‧味素‧調味粉,https://www.rt-mart.com.tw/nh2/index.php?action=product_sort&prod_sort_uid=37763
食品雜貨,調味粉,醋/味醂/香油,https://www.rt-mart.com.tw/nh2/index.php?action=product_sort&prod_sort_uid=37779
食品雜貨,調味粉,糖/蜂蜜,https://www.rt-mart.com.tw/nh2/index.php?action=product_sort&prod_sort_uid=37795
食品雜貨,調味粉,調味湯塊‧咖哩塊,https://www.rt-mart.com.tw/nh2/index.php?action=product_sort&prod_sort_uid=37827
食品雜貨,調味粉,麵粉‧料理粉,https://www.rt-mart.com.tw/nh2/index.php?action=product_sort&prod_sort_uid=37843
生鮮商品,蔬菜,薯/蘿蔔/筍類,https://www.rt-mart.com.tw/nh2/index.php?action=product_sort&prod_sort_uid=79879
生鮮商品,蔬菜,蔥/蒜/薑/芽菜類,https://www.rt-mart.com.tw/nh2/index.php?action=product_sort&prod_sort_uid=79913
生鮮商品,蔬菜,葉菜類,https://www.rt-mart.com.tw/nh2/index.php?action=product_sort&prod_sort_uid=79947
生鮮商品,蔬菜,瓜茄/花果類,https://www.rt-mart.com.tw/nh2/index.php?action=product_sort&prod_sort_uid=79981
生鮮商品,蔬菜,菌菇類,https://www.rt-mart.com.tw/nh2/index.php?action=product_sort&prod_sort_uid=80015
生鮮商品,蔬菜,有機/產銷履歷蔬菜,https://www.rt-mart.com.tw/nh2/index.php?action=product_sort&prod_sort_uid=80049
生鮮商品,水果,省產水果,https://www.rt-mart.com.tw/nh2/index.php?action=product_sort&prod_sort_uid=80083
生鮮商品,水果,進口水果,https://www.rt-mart.com.tw/nh2/index.php?action=product_sort&prod_sort_uid=80117
生鮮商品,水產,蝦蟹類 / 小卷類 / 貝類,https://www.rt-mart.com.tw/nh2/index.php?action=product_sort&prod_sort_uid=80185
生鮮商品,水產,魚漿製品 / 珍味 / 納豆,https://www.rt-mart.com.tw/nh2/index.php?action=product_sort&prod_sort_uid=80219
生鮮商品,水產,生魚片 / 生魚片醬料,https://www.rt-mart.com.tw/nh2/index.php?action=product_sort&prod_sort_uid=80253
生鮮商品,水產,冷凍魚,https://www.rt-mart.com.tw/nh2/index.php?action=product_sort&prod_sort_uid=80287
生鮮商品,肉品,冷藏豬肉 / 冷凍豬肉,https://www.rt-mart.com.tw/nh2/index.php?action=product_sort&prod_sort_uid=80321
生鮮商品,肉品,冷藏雞肉 / 冷凍雞肉,https://www.rt-mart.com.tw/nh2/index.php?action=product_sort&prod_sort_uid=80355
生鮮商品,肉品,美國.澳州 冷藏 / 冷凍牛肉,https://www.rt-mart.com.tw/nh2/index.php?action=product_sort&prod_sort_uid=80389
生鮮商品,肉品,冷凍羊肉,https://www.rt-mart.com.tw/nh2/index.php?action=product_sort&prod_sort_uid=80423
生鮮商品,熟食,酥炸類 / 燒烤類,https://www.rt-mart.com.tw/nh2/index.php?action=product_sort&prod_sort_uid=80457
生鮮商品,熟食,滷類 / 涼拌類,https://www.rt-mart.com.tw/nh2/index.php?action=product_sort&prod_sort_uid=80491
生鮮商品,熟食,熱炒/蒸類/湯類,https://www.rt-mart.com.tw/nh2/index.php?action=product_sort&prod_sort_uid=80525
生鮮商品,烘焙,吐司/餐包,https://www.rt-mart.com.tw/nh2/index.php?action=product_sort&prod_sort_uid=80627
生鮮商品,烘焙,台式麵包,https://www.rt-mart.com.tw/nh2/index.php?action=product_sort&prod_sort_uid=80661
生鮮商品,烘焙,披薩/雞肉/牛肉捲,https://www.rt-mart.com.tw/nh2/index.php?action=product_sort&prod_sort_uid=80729
生鮮商品,烘焙,生日蛋糕/ 蛋糕,https://www.rt-mart.com.tw/nh2/index.php?action=product_sort&prod_sort_uid=80763
生鮮商品,烘焙,點心/拜拜糕點,https://www.rt-mart.com.tw/nh2/index.php?action=product_sort&prod_sort_uid=80797
生鮮商品,南北乾貨,乾海鮮類,https://www.rt-mart.com.tw/nh2/index.php?action=product_sort&prod_sort_uid=80865
生鮮商品,南北乾貨,五穀雜糧,https://www.rt-mart.com.tw/nh2/index.php?action=product_sort&prod_sort_uid=80899
生鮮商品,蛋類,蛋,https://www.rt-mart.com.tw/nh2/index.php?action=product_sort&prod_sort_uid=80967
生鮮商品,蛋類,皮蛋 / 鹹蛋/鐵蛋,https://www.rt-mart.com.tw/nh2/index.php?action=product_sort&prod_sort_uid=81001
冷凍冷藏,乳製品,全脂鮮奶,https://www.rt-mart.com.tw/nh2/index.php?action=product_sort&prod_sort_uid=81035
冷凍冷藏,乳製品,低脂鮮奶,https://www.rt-mart.com.tw/nh2/index.php?action=product_sort&prod_sort_uid=81069
冷凍冷藏,乳製品,優酪乳,https://www.rt-mart.com.tw/nh2/index.php?action=product_sort&prod_sort_uid=81103
冷凍冷藏,乳製品,優格,https://www.rt-mart.com.tw/nh2/index.php?action=product_sort&prod_sort_uid=81137
冷凍冷藏,乳製品,發酵乳,https://www.rt-mart.com.tw/nh2/index.php?action=product_sort&prod_sort_uid=81171
冷凍冷藏,乳製品,保久乳/調味乳/鈣奶,https://www.rt-mart.com.tw/nh2/index.php?action=product_sort&prod_sort_uid=81205
冷凍冷藏,冷藏飲品,豆漿穀物,https://www.rt-mart.com.tw/nh2/index.php?action=product_sort&prod_sort_uid=81375
冷凍冷藏,冷藏飲品,茶類,https://www.rt-mart.com.tw/nh2/index.php?action=product_sort&prod_sort_uid=81409
冷凍冷藏,冷藏飲品,果汁/其他飲品,https://www.rt-mart.com.tw/nh2/index.php?action=product_sort&prod_sort_uid=81443
冷凍冷藏,冷藏飲品,咖啡,https://www.rt-mart.com.tw/nh2/index.php?action=product_sort&prod_sort_uid=81477
冷凍冷藏,冷凍冷藏調理,素食,https://www.rt-mart.com.tw/nh2/index.php?action=product_sort&prod_sort_uid=81511
冷凍冷藏,冷凍冷藏調理,豆腐/豆皮/豆干/其他,https://www.rt-mart.com.tw/nh2/index.php?action=product_sort&prod_sort_uid=81545
冷凍冷藏,冷凍冷藏調理,饅頭/包子,https://www.rt-mart.com.tw/nh2/index.php?action=product_sort&prod_sort_uid=81579
冷凍冷藏,冷凍冷藏調理,抹醬/沙拉,https://www.rt-mart.com.tw/nh2/index.php?action=product_sort&prod_sort_uid=81613
冷凍冷藏,起司 / 肉,切片起司,https://www.rt-mart.com.tw/nh2/index.php?action=product_sort&prod_sort_uid=81715
冷凍冷藏,起司 / 肉,奶油,https://www.rt-mart.com.tw/nh2/index.php?action=product_sort&prod_sort_uid=81749
冷凍冷藏,起司 / 肉,香腸/熱狗,https://www.rt-mart.com.tw/nh2/index.php?action=product_sort&prod_sort_uid=81783
冷凍冷藏,起司 / 肉,培根 / 火腿,https://www.rt-mart.com.tw/nh2/index.php?action=product_sort&prod_sort_uid=81817
冷凍冷藏,點心冰品,冰棒/甜筒,https://www.rt-mart.com.tw/nh2/index.php?action=product_sort&prod_sort_uid=81851
冷凍冷藏,點心冰品,筒/杯裝冰淇淋,https://www.rt-mart.com.tw/nh2/index.php?action=product_sort&prod_sort_uid=81885
冷凍冷藏,點心冰品,其他冰品,https://www.rt-mart.com.tw/nh2/index.php?action=product_sort&prod_sort_uid=81919
冷凍冷藏,點心冰品,甜品果凍,https://www.rt-mart.com.tw/nh2/index.php?action=product_sort&prod_sort_uid=81953
冷凍冷藏,點心冰品,布丁 / 奶酪,https://www.rt-mart.com.tw/nh2/index.php?action=product_sort&prod_sort_uid=81987
冷凍冷藏,點心冰品,冷凍甜品,https://www.rt-mart.com.tw/nh2/index.php?action=product_sort&prod_sort_uid=82021
冷凍冷藏,微波食品,微波米食纇,https://www.rt-mart.com.tw/nh2/index.php?action=product_sort&prod_sort_uid=82055
冷凍冷藏,微波食品,微波麵食類,https://www.rt-mart.com.tw/nh2/index.php?action=product_sort&prod_sort_uid=82089
冷凍冷藏,微波食品,微波素食類,https://www.rt-mart.com.tw/nh2/index.php?action=product_sort&prod_sort_uid=82123
冷凍冷藏,微波食品,其他微波食品,https://www.rt-mart.com.tw/nh2/index.php?action=product_sort&prod_sort_uid=82157
冷凍冷藏,水餃 / 火鍋,各式鍋底,https://www.rt-mart.com.tw/nh2/index.php?action=product_sort&prod_sort_uid=82191
冷凍冷藏,水餃 / 火鍋,火鍋餃,https://www.rt-mart.com.tw/nh2/index.php?action=product_sort&prod_sort_uid=82225
冷凍冷藏,水餃 / 火鍋,其他火鍋配料,https://www.rt-mart.com.tw/nh2/index.php?action=product_sort&prod_sort_uid=82259
冷凍冷藏,水餃 / 火鍋,水餃 / 熟水餃,https://www.rt-mart.com.tw/nh2/index.php?action=product_sort&prod_sort_uid=82293
冷凍冷藏,水餃 / 火鍋,手工水餃,https://www.rt-mart.com.tw/nh2/index.php?action=product_sort&prod_sort_uid=82327
冷凍冷藏,水餃 / 火鍋,素食火鍋 / 素食水餃,https://www.rt-mart.com.tw/nh2/index.php?action=product_sort&prod_sort_uid=82361
冷凍冷藏,餅皮/加工製品,蛋餅/蔥餅/抓餅,https://www.rt-mart.com.tw/nh2/index.php?action=product_sort&prod_sort_uid=82395
冷凍冷藏,餅皮/加工製品,煎餅/燒餅/餡餅/鍋貼,https://www.rt-mart.com.tw/nh2/index.php?action=product_sort&prod_sort_uid=82429
冷凍冷藏,餅皮/加工製品,加工海鮮,https://www.rt-mart.com.tw/nh2/index.php?action=product_sort&prod_sort_uid=82463
冷凍冷藏,餅皮/加工製品,湯圓/餛飩/麵條,https://www.rt-mart.com.tw/nh2/index.php?action=product_sort&prod_sort_uid=82497
冷凍冷藏,餅皮/加工製品,冷凍雞塊/蔬菜,https://www.rt-mart.com.tw/nh2/index.php?action=product_sort&prod_sort_uid=82531
米油罐頭,米,圓米 / 長米,https://www.rt-mart.com.tw/nh2/index.php?action=product_sort&prod_sort_uid=82565
米油罐頭,米,糙米 / 胚芽米 / 糯米,https://www.rt-mart.com.tw/nh2/index.php?action=product_sort&prod_sort_uid=82599
米油罐頭,米,營養米 / 有機米,https://www.rt-mart.com.tw/nh2/index.php?action=product_sort&prod_sort_uid=82633
米油罐頭,食用油,葡萄籽油 / 芥花油 / 葵花油,https://www.rt-mart.com.tw/nh2/index.php?action=product_sort&prod_sort_uid=82667
米油罐頭,食用油,調和油 / 沙拉油,https://www.rt-mart.com.tw/nh2/index.php?action=product_sort&prod_sort_uid=82701
米油罐頭,食用油,花生油 / 植物油 / 苦茶油,https://www.rt-mart.com.tw/nh2/index.php?action=product_sort&prod_sort_uid=82735
米油罐頭,罐頭,麵筋 / 脆瓜 / 醬菜罐頭,https://www.rt-mart.com.tw/nh2/index.php?action=product_sort&prod_sort_uid=82769
米油罐頭,罐頭,海苔醬 / 玉米粒 / 玉米醬 / 椰漿,https://www.rt-mart.com.tw/nh2/index.php?action=product_sort&prod_sort_uid=82803
米油罐頭,罐頭,魚 / 海鮮罐頭,https://www.rt-mart.com.tw/nh2/index.php?action=product_sort&prod_sort_uid=82837
米油罐頭,罐頭,肉鬆 / 魚鬆 / 拌飯料 /肉醬,https://www.rt-mart.com.tw/nh2/index.php?action=product_sort&prod_sort_uid=82871
米油罐頭,罐頭,水果罐頭 / 醃漬 / 豆腐乳,https://www.rt-mart.com.tw/nh2/index.php?action=product_sort&prod_sort_uid=82905
速食泡麵,速食調理包,調理包-肉,https://www.rt-mart.com.tw/nh2/index.php?action=product_sort&prod_sort_uid=83381
速食泡麵,速食調理包,調理包-湯,https://www.rt-mart.com.tw/nh2/index.php?action=product_sort&prod_sort_uid=83415
速食泡麵,速食調理包,調理包-粥/麵/飯,https://www.rt-mart.com.tw/nh2/index.php?action=product_sort&prod_sort_uid=83449
速食泡麵,泡麵,湯麵,https://www.rt-mart.com.tw/nh2/index.php?action=product_sort&prod_sort_uid=83483
速食泡麵,泡麵,乾麵,https://www.rt-mart.com.tw/nh2/index.php?action=product_sort&prod_sort_uid=83517
速食泡麵,泡麵,亞洲泡麵,https://www.rt-mart.com.tw/nh2/index.php?action=product_sort&prod_sort_uid=83551
速食泡麵,泡麵,杯/碗麵,https://www.rt-mart.com.tw/nh2/index.php?action=product_sort&prod_sort_uid=83585
速食泡麵,泡麵,素食泡麵,https://www.rt-mart.com.tw/nh2/index.php?action=product_sort&prod_sort_uid=83619
速食泡麵,麵條/米粉,麵條 /意麵/粄條,https://www.rt-mart.com.tw/nh2/index.php?action=product_sort&prod_sort_uid=83653
速食泡麵,麵條/米粉,麵線/雞絲麵,https://www.rt-mart.com.tw/nh2/index.php?action=product_sort&prod_sort_uid=83687
速食泡麵,麵條/米粉,調味麵條,https://www.rt-mart.com.tw/nh2/index.php?action=product_sort&prod_sort_uid=83721
速食泡麵,麵條/米粉,有機/義大利麵,https://www.rt-mart.com.tw/nh2/index.php?action=product_sort&prod_sort_uid=83755
速食泡麵,麵條/米粉,冬粉/米粉,https://www.rt-mart.com.tw/nh2/index.php?action=product_sort&prod_sort_uid=83789
飲料沖調,茶類/咖啡,綠茶,https://www.rt-mart.com.tw/nh2/index.php?action=product_sort&prod_sort_uid=83823
飲料沖調,茶類/咖啡,紅茶/烏龍茶,https://www.rt-mart.com.tw/nh2/index.php?action=product_sort&prod_sort_uid=83857
飲料沖調,茶類/咖啡,奶茶,https://www.rt-mart.com.tw/nh2/index.php?action=product_sort&prod_sort_uid=83891
飲料沖調,茶類/咖啡,檸檬茶/花茶,https://www.rt-mart.com.tw/nh2/index.php?action=product_sort&prod_sort_uid=83925
飲料沖調,茶類/咖啡,麥茶/仙草茶/其他茶飲,https://www.rt-mart.com.tw/nh2/index.php?action=product_sort&prod_sort_uid=83959
飲料沖調,茶類/咖啡,咖啡,https://www.rt-mart.com.tw/nh2/index.php?action=product_sort&prod_sort_uid=83993
飲料沖調,果汁,柳橙汁/蘋果汁,https://www.rt-mart.com.tw/nh2/index.php?action=product_sort&prod_sort_uid=84027
飲料沖調,果汁,葡萄汁/蔓越莓汁,https://www.rt-mart.com.tw/nh2/index.php?action=product_sort&prod_sort_uid=84061
飲料沖調,果汁,蔬果汁/番茄汁 / 蘆筍汁,https://www.rt-mart.com.tw/nh2/index.php?action=product_sort&prod_sort_uid=84095
飲料沖調,果汁,椰子汁/ 酸梅湯 /其他果汁,https://www.rt-mart.com.tw/nh2/index.php?action=product_sort&prod_sort_uid=84129
飲料沖調,乳製品/甜罐頭,保久乳/調味乳,https://www.rt-mart.com.tw/nh2/index.php?action=product_sort&prod_sort_uid=84163
飲料沖調,乳製品/甜罐頭,米/豆漿,https://www.rt-mart.com.tw/nh2/index.php?action=product_sort&prod_sort_uid=84197
飲料沖調,乳製品/甜罐頭,乳酸飲料,https://www.rt-mart.com.tw/nh2/index.php?action=product_sort&prod_sort_uid=84231
飲料沖調,乳製品/甜罐頭,八寶粥/甜罐頭,https://www.rt-mart.com.tw/nh2/index.php?action=product_sort&prod_sort_uid=84265
飲料沖調,乳製品/甜罐頭,甜罐頭禮盒,https://www.rt-mart.com.tw/nh2/index.php?action=product_sort&prod_sort_uid=84299
飲料沖調,碳酸 / 運動飲料 / 水,可樂/沙士/雪碧/西打,https://www.rt-mart.com.tw/nh2/index.php?action=product_sort&prod_sort_uid=84333
飲料沖調,碳酸 / 運動飲料 / 水,黑麥汁/水果醋,https://www.rt-mart.com.tw/nh2/index.php?action=product_sort&prod_sort_uid=84367
飲料沖調,碳酸 / 運動飲料 / 水,運動飲料,https://www.rt-mart.com.tw/nh2/index.php?action=product_sort&prod_sort_uid=84401
飲料沖調,碳酸 / 運動飲料 / 水,提神機能飲料,https://www.rt-mart.com.tw/nh2/index.php?action=product_sort&prod_sort_uid=84435
飲料沖調,碳酸 / 運動飲料 / 水,礦泉水/氣泡水,https://www.rt-mart.com.tw/nh2/index.php?action=product_sort&prod_sort_uid=84469
飲料沖調,碳酸 / 運動飲料 / 水,純水/ 機能水,https://www.rt-mart.com.tw/nh2/index.php?action=product_sort&prod_sort_uid=84503
飲料沖調,沖泡麥粉 / 麥片,燕麥片 /早餐脆片,https://www.rt-mart.com.tw/nh2/index.php?action=product_sort&prod_sort_uid=84537
飲料沖調,沖泡麥粉 / 麥片,穀/麥粉,https://www.rt-mart.com.tw/nh2/index.php?action=product_sort&prod_sort_uid=84571
飲料沖調,沖泡麥粉 / 麥片,燕麥棒/沖泡粥,https://www.rt-mart.com.tw/nh2/index.php?action=product_sort&prod_sort_uid=84605
飲料沖調,沖泡茶葉,烏龍茶 / 烏龍茶袋茶,https://www.rt-mart.com.tw/nh2/index.php?action=product_sort&prod_sort_uid=84639
飲料沖調,沖泡茶葉,綠茶 / 紅茶 / 綠紅茶袋茶,https://www.rt-mart.com.tw/nh2/index.php?action=product_sort&prod_sort_uid=84673
飲料沖調,沖泡茶葉,茶粉 / 花草袋茶 / 無咖啡因茶,https://www.rt-mart.com.tw/nh2/index.php?action=product_sort&prod_sort_uid=84707
飲料沖調,沖泡茶葉,中藥養生袋茶/有機茶,https://www.rt-mart.com.tw/nh2/index.php?action=product_sort&prod_sort_uid=84741
飲料沖調,沖泡咖啡/可可/奶茶,咖啡豆/濾掛咖啡/膠囊,https://www.rt-mart.com.tw/nh2/index.php?action=product_sort&prod_sort_uid=84775
飲料沖調,沖泡咖啡/可可/奶茶,即溶/研磨咖啡粉,https://www.rt-mart.com.tw/nh2/index.php?action=product_sort&prod_sort_uid=84809
飲料沖調,沖泡咖啡/可可/奶茶,三合一/二合一/低糖咖啡,https://www.rt-mart.com.tw/nh2/index.php?action=product_sort&prod_sort_uid=84843
飲料沖調,沖泡咖啡/可可/奶茶,奶精/禮盒,https://www.rt-mart.com.tw/nh2/index.php?action=product_sort&prod_sort_uid=84877
飲料沖調,沖泡咖啡/可可/奶茶,可可/奶茶,https://www.rt-mart.com.tw/nh2/index.php?action=product_sort&prod_sort_uid=84911
零食點心,餅乾類,甜餅乾,https://www.rt-mart.com.tw/nh2/index.php?action=product_sort&prod_sort_uid=84945
零食點心,餅乾類,夾心餅/捲心餅,https://www.rt-mart.com.tw/nh2/index.php?action=product_sort&prod_sort_uid=84979
零食點心,餅乾類,威化餅/蛋糕/泡芙,https://www.rt-mart.com.tw/nh2/index.php?action=product_sort&prod_sort_uid=85013
零食點心,餅乾類,蘇打餅/雜糧餅,https://www.rt-mart.com.tw/nh2/index.php?action=product_sort&prod_sort_uid=85047
零食點心,餅乾類,蛋捲/棒類餅乾,https://www.rt-mart.com.tw/nh2/index.php?action=product_sort&prod_sort_uid=85081
零食點心,餅乾類,名產/鹹餅乾,https://www.rt-mart.com.tw/nh2/index.php?action=product_sort&prod_sort_uid=85115
零食點心,洋芋片/其他點心,洋芋片,https://www.rt-mart.com.tw/nh2/index.php?action=product_sort&prod_sort_uid=85149
零食點心,洋芋片/其他點心,點心組合包,https://www.rt-mart.com.tw/nh2/index.php?action=product_sort&prod_sort_uid=85183
零食點心,洋芋片/其他點心,爆米花/玉米片,https://www.rt-mart.com.tw/nh2/index.php?action=product_sort&prod_sort_uid=85217
零食點心,糖果類,軟糖,https://www.rt-mart.com.tw/nh2/index.php?action=product_sort&prod_sort_uid=85251
零食點心,糖果類,硬糖/黑糖,https://www.rt-mart.com.tw/nh2/index.php?action=product_sort&prod_sort_uid=85285
零食點心,糖果類,喉糖/C片,https://www.rt-mart.com.tw/nh2/index.php?action=product_sort&prod_sort_uid=85319
零食點心,糖果類,果凍/羊羹,https://www.rt-mart.com.tw/nh2/index.php?action=product_sort&prod_sort_uid=85353
零食點心,糖果類,牛奶糖/棉花糖 /棒棒糖,https://www.rt-mart.com.tw/nh2/index.php?action=product_sort&prod_sort_uid=85387
零食點心,口香糖/ 巧克力 ,口香糖/薄荷糖,https://www.rt-mart.com.tw/nh2/index.php?action=product_sort&prod_sort_uid=85421
零食點心,口香糖/ 巧克力 ,巧克力,https://www.rt-mart.com.tw/nh2/index.php?action=product_sort&prod_sort_uid=85455
零食點心,口香糖/ 巧克力 ,禮盒,https://www.rt-mart.com.tw/nh2/index.php?action=product_sort&prod_sort_uid=85489
零食點心,瓜子/核仁,腰果/杏仁果/開心果,https://www.rt-mart.com.tw/nh2/index.php?action=product_sort&prod_sort_uid=85523
零食點心,瓜子/核仁,瓜子/核仁,https://www.rt-mart.com.tw/nh2/index.php?action=product_sort&prod_sort_uid=85557
零食點心,瓜子/核仁,花生/蠶豆/青豆,https://www.rt-mart.com.tw/nh2/index.php?action=product_sort&prod_sort_uid=85591
零食點心,肉乾/魷魚絲,豆乾/肉乾,https://www.rt-mart.com.tw/nh2/index.php?action=product_sort&prod_sort_uid=85625
零食點心,肉乾/魷魚絲,海味/魚乾,https://www.rt-mart.com.tw/nh2/index.php?action=product_sort&prod_sort_uid=85659
零食點心,果乾/米果/海苔,果乾/蜜餞,https://www.rt-mart.com.tw/nh2/index.php?action=product_sort&prod_sort_uid=85693
零食點心,果乾/米果/海苔,米果類,https://www.rt-mart.com.tw/nh2/index.php?action=product_sort&prod_sort_uid=85727
零食點心,果乾/米果/海苔,海苔,https://www.rt-mart.com.tw/nh2/index.php?action=product_sort&prod_sort_uid=85761
進口美食,進口茶/飲品/沖調/氣泡水,橄欖油,https://www.rt-mart.com.tw/nh2/index.php?action=product_sort&prod_sort_uid=86645
成人保健,保健飲品,雞精 / 蜆精,https://www.rt-mart.com.tw/nh2/index.php?action=product_sort&prod_sort_uid=86781
成人保健,保健飲品,美容飲品,https://www.rt-mart.com.tw/nh2/index.php?action=product_sort&prod_sort_uid=86815
成人保健,保健飲品,漢方養身/有機精華飲品,https://www.rt-mart.com.tw/nh2/index.php?action=product_sort&prod_sort_uid=86849
成人保健,保健食品,男性保健 / 女性調理,https://www.rt-mart.com.tw/nh2/index.php?action=product_sort&prod_sort_uid=86883
成人保健,保健食品,腸胃機能 / 視力保健,https://www.rt-mart.com.tw/nh2/index.php?action=product_sort&prod_sort_uid=86917
成人保健,保健食品,心血管維護 / 糖尿病 / 顧肝食品,https://www.rt-mart.com.tw/nh2/index.php?action=product_sort&prod_sort_uid=86951
成人保健,保健食品,維他命,https://www.rt-mart.com.tw/nh2/index.php?action=product_sort&prod_sort_uid=86985
成人保健,保健食品,機能保健品 / 骨骼關節維護,https://www.rt-mart.com.tw/nh2/index.php?action=product_sort&prod_sort_uid=87019
成人保健,成人奶粉,全脂 / 脫脂 / 低脂 / 羊奶粉,https://www.rt-mart.com.tw/nh2/index.php?action=product_sort&prod_sort_uid=87053
成人保健,成人奶粉,機能性 / 女性專用 /銀髮族,https://www.rt-mart.com.tw/nh2/index.php?action=product_sort&prod_sort_uid=87087
成人保健,成人紙尿褲,成人紙尿褲,https://www.rt-mart.com.tw/nh2/index.php?action=product_sort&prod_sort_uid=87121
成人保健,成人紙尿褲,看護墊/尿片,https://www.rt-mart.com.tw/nh2/index.php?action=product_sort&prod_sort_uid=87155
美容保養,彩妝 / 卸妝,眼部 /眉毛,https://www.rt-mart.com.tw/nh2/index.php?action=product_sort&prod_sort_uid=87869
美容保養,彩妝 / 卸妝,唇部,https://www.rt-mart.com.tw/nh2/index.php?action=product_sort&prod_sort_uid=87903
美容保養,彩妝 / 卸妝,彩妝用具,https://www.rt-mart.com.tw/nh2/index.php?action=product_sort&prod_sort_uid=87937
美容保養,彩妝 / 卸妝,卸妝,https://www.rt-mart.com.tw/nh2/index.php?action=product_sort&prod_sort_uid=87971
美容保養,彩妝 / 卸妝,指甲油 / 香水,https://www.rt-mart.com.tw/nh2/index.php?action=product_sort&prod_sort_uid=88005
美容保養,彩妝 / 卸妝,臉部,https://www.rt-mart.com.tw/nh2/index.php?action=product_sort&prod_sort_uid=88039
美容保養,臉部保養,化妝水/美白/保濕,https://www.rt-mart.com.tw/nh2/index.php?action=product_sort&prod_sort_uid=88073
美容保養,臉部保養,緊緻抗痘//防曬止汗,https://www.rt-mart.com.tw/nh2/index.php?action=product_sort&prod_sort_uid=88107
美容保養,臉部保養,面膜/手足膜,https://www.rt-mart.com.tw/nh2/index.php?action=product_sort&prod_sort_uid=88141
美容保養,臉部保養,身體保養/護脣膏,https://www.rt-mart.com.tw/nh2/index.php?action=product_sort&prod_sort_uid=88175
美容保養,髮部保養,染髮產品,https://www.rt-mart.com.tw/nh2/index.php?action=product_sort&prod_sort_uid=88209
美容保養,髮部保養,護髮產品,https://www.rt-mart.com.tw/nh2/index.php?action=product_sort&prod_sort_uid=88243
美容保養,髮部保養,造型產品,https://www.rt-mart.com.tw/nh2/index.php?action=product_sort&prod_sort_uid=88277
美容保養,髮部保養,美髮家電,https://www.rt-mart.com.tw/nh2/index.php?action=product_sort&prod_sort_uid=88311
美容保養,身體保養,女用止汗劑,https://www.rt-mart.com.tw/nh2/index.php?action=product_sort&prod_sort_uid=88345
美容保養,身體保養,防曬,https://www.rt-mart.com.tw/nh2/index.php?action=product_sort&prod_sort_uid=88379
美容保養,身體保養,身體保養              ,https://www.rt-mart.com.tw/nh2/index.php?action=product_sort&prod_sort_uid=88413
美容保養,身體保養,手足保養/ 手&足膜,https://www.rt-mart.com.tw/nh2/index.php?action=product_sort&prod_sort_uid=88447
美容保養,美容保養配件,沐浴用品,https://www.rt-mart.com.tw/nh2/index.php?action=product_sort&prod_sort_uid=88549
美容保養,美容保養配件,美容配件,https://www.rt-mart.com.tw/nh2/index.php?action=product_sort&prod_sort_uid=88583
美容保養,美容保養配件,修容/修指,https://www.rt-mart.com.tw/nh2/index.php?action=product_sort&prod_sort_uid=88617
個人清潔,手部 / 臉部清潔,洗手乳 / 乾洗手,https://www.rt-mart.com.tw/nh2/index.php?action=product_sort&prod_sort_uid=88651
個人清潔,手部 / 臉部清潔,洗面乳,https://www.rt-mart.com.tw/nh2/index.php?action=product_sort&prod_sort_uid=88685
個人清潔,髮部清潔,一般洗髮精                        ,https://www.rt-mart.com.tw/nh2/index.php?action=product_sort&prod_sort_uid=88753
個人清潔,髮部清潔,抗屑/潤絲/有機洗髮精,https://www.rt-mart.com.tw/nh2/index.php?action=product_sort&prod_sort_uid=88787
個人清潔,髮部清潔,頭皮養護/固色洗髮精,https://www.rt-mart.com.tw/nh2/index.php?action=product_sort&prod_sort_uid=88821
個人清潔,髮部清潔,潤絲精                        ,https://www.rt-mart.com.tw/nh2/index.php?action=product_sort&prod_sort_uid=88855
個人清潔,身體清潔,皂類,https://www.rt-mart.com.tw/nh2/index.php?action=product_sort&prod_sort_uid=88889
個人清潔,身體清潔,沐浴乳/補充包,https://www.rt-mart.com.tw/nh2/index.php?action=product_sort&prod_sort_uid=88923
個人清潔,身體清潔,泡澡 / 旅行,https://www.rt-mart.com.tw/nh2/index.php?action=product_sort&prod_sort_uid=88991
個人清潔,身體清潔,身體美容機/美體刀,https://www.rt-mart.com.tw/nh2/index.php?action=product_sort&prod_sort_uid=89025
個人清潔,口腔清潔,牙膏,https://www.rt-mart.com.tw/nh2/index.php?action=product_sort&prod_sort_uid=89059
個人清潔,口腔清潔,口腔清潔用品,https://www.rt-mart.com.tw/nh2/index.php?action=product_sort&prod_sort_uid=89093
個人清潔,口腔清潔,牙刷/牙線,https://www.rt-mart.com.tw/nh2/index.php?action=product_sort&prod_sort_uid=89127
個人清潔,口腔清潔,沖牙機/配件組,https://www.rt-mart.com.tw/nh2/index.php?action=product_sort&prod_sort_uid=89161
個人清潔,女性衛生用品,日用一般/量少  25公分,https://www.rt-mart.com.tw/nh2/index.php?action=product_sort&prod_sort_uid=89195
個人清潔,女性衛生用品,日用量多  26公分,https://www.rt-mart.com.tw/nh2/index.php?action=product_sort&prod_sort_uid=89229
個人清潔,女性衛生用品,夜用一般型,https://www.rt-mart.com.tw/nh2/index.php?action=product_sort&prod_sort_uid=89263
個人清潔,女性衛生用品,夜用特長  37公分,https://www.rt-mart.com.tw/nh2/index.php?action=product_sort&prod_sort_uid=89297
個人清潔,女性衛生用品,產婦墊 / 衛生棉條,https://www.rt-mart.com.tw/nh2/index.php?action=product_sort&prod_sort_uid=89331
個人清潔,女性衛生用品,護墊,https://www.rt-mart.com.tw/nh2/index.php?action=product_sort&prod_sort_uid=89365
個人清潔,家庭保健,保健護理,https://www.rt-mart.com.tw/nh2/index.php?action=product_sort&prod_sort_uid=89399
個人清潔,男士專區,刮鬍刀/刮鬍露,https://www.rt-mart.com.tw/nh2/index.php?action=product_sort&prod_sort_uid=89501
個人清潔,男士專區,電動刮鬍刀/鼻毛刀,https://www.rt-mart.com.tw/nh2/index.php?action=product_sort&prod_sort_uid=89535
個人清潔,男士專區,沐浴乳 / 補充包,https://www.rt-mart.com.tw/nh2/index.php?action=product_sort&prod_sort_uid=89569
個人清潔,男士專區,洗髮精 / 髮部造型,https://www.rt-mart.com.tw/nh2/index.php?action=product_sort&prod_sort_uid=89603
個人清潔,男士專區,洗面乳,https://www.rt-mart.com.tw/nh2/index.php?action=product_sort&prod_sort_uid=89637
個人清潔,男士專區,香水 / 止汗劑,https://www.rt-mart.com.tw/nh2/index.php?action=product_sort&prod_sort_uid=89671
個人清潔,男士專區,男士保養品,https://www.rt-mart.com.tw/nh2/index.php?action=product_sort&prod_sort_uid=89705
居家清潔,衛生紙,平板/捲筒衛生紙,https://www.rt-mart.com.tw/nh2/index.php?action=product_sort&prod_sort_uid=89739
居家清潔,衛生紙,抽取式衛生紙10入以下,https://www.rt-mart.com.tw/nh2/index.php?action=product_sort&prod_sort_uid=89773
居家清潔,衛生紙,抽取式衛生紙12入以上,https://www.rt-mart.com.tw/nh2/index.php?action=product_sort&prod_sort_uid=89807
居家清潔,衛生紙,廚房紙巾,https://www.rt-mart.com.tw/nh2/index.php?action=product_sort&prod_sort_uid=89841
居家清潔,衛生紙,面紙,https://www.rt-mart.com.tw/nh2/index.php?action=product_sort&prod_sort_uid=89875
居家清潔,衛生紙,濕式紙巾,https://www.rt-mart.com.tw/nh2/index.php?action=product_sort&prod_sort_uid=89909
居家清潔,衣物清潔,洗衣粉/皂,https://www.rt-mart.com.tw/nh2/index.php?action=product_sort&prod_sort_uid=89943
居家清潔,衣物清潔,洗衣/柔軟精,https://www.rt-mart.com.tw/nh2/index.php?action=product_sort&prod_sort_uid=89977
居家清潔,洗/曬衣用具,衣架,https://www.rt-mart.com.tw/nh2/index.php?action=product_sort&prod_sort_uid=90045
居家清潔,洗/曬衣用具,洗衣藍/袋,https://www.rt-mart.com.tw/nh2/index.php?action=product_sort&prod_sort_uid=90079
居家清潔,洗/曬衣用具,燙衣板/配件,https://www.rt-mart.com.tw/nh2/index.php?action=product_sort&prod_sort_uid=90113
居家清潔,家庭清潔/芳香 / 殺蟲劑,廚房清潔劑,https://www.rt-mart.com.tw/nh2/index.php?action=product_sort&prod_sort_uid=90147
居家清潔,家庭清潔/芳香 / 殺蟲劑,浴室 / 馬桶清潔劑,https://www.rt-mart.com.tw/nh2/index.php?action=product_sort&prod_sort_uid=90181
居家清潔,家庭清潔/芳香 / 殺蟲劑,殺蟲劑,https://www.rt-mart.com.tw/nh2/index.php?action=product_sort&prod_sort_uid=90215
居家清潔,家庭清潔/芳香 / 殺蟲劑,芳香/除溼劑,https://www.rt-mart.com.tw/nh2/index.php?action=product_sort&prod_sort_uid=90249
居家清潔,家庭清潔/芳香 / 殺蟲劑,洗碗精,https://www.rt-mart.com.tw/nh2/index.php?action=product_sort&prod_sort_uid=90283
居家清潔,家庭清潔/芳香 / 殺蟲劑,家電 / 家具清潔劑,https://www.rt-mart.com.tw/nh2/index.php?action=product_sort&prod_sort_uid=90317
居家清潔,家庭清潔/芳香 / 殺蟲劑,地板 / 玻璃清潔,https://www.rt-mart.com.tw/nh2/index.php?action=product_sort&prod_sort_uid=90351
居家清潔,家庭清潔用具,掃把/窗戶清潔,https://www.rt-mart.com.tw/nh2/index.php?action=product_sort&prod_sort_uid=90385
居家清潔,家庭清潔用具,拖把/配件,https://www.rt-mart.com.tw/nh2/index.php?action=product_sort&prod_sort_uid=90419
居家清潔,家庭清潔用具,除塵用具,https://www.rt-mart.com.tw/nh2/index.php?action=product_sort&prod_sort_uid=90453
居家清潔,家庭清潔用具,垃圾桶,https://www.rt-mart.com.tw/nh2/index.php?action=product_sort&prod_sort_uid=90487
居家清潔,家庭清潔用具,垃圾袋,https://www.rt-mart.com.tw/nh2/index.php?action=product_sort&prod_sort_uid=90521
居家清潔,廚浴清潔/居家整理用具,廚房清潔用具,https://www.rt-mart.com.tw/nh2/index.php?action=product_sort&prod_sort_uid=90555
居家清潔,廚浴清潔/居家整理用具,浴室清潔用具,https://www.rt-mart.com.tw/nh2/index.php?action=product_sort&prod_sort_uid=90589
居家清潔,廚浴清潔/居家整理用具,水桶/手套/臉盆,https://www.rt-mart.com.tw/nh2/index.php?action=product_sort&prod_sort_uid=90623
居家清潔,廚浴清潔/居家整理用具,瓦斯爐/抽油煙機用具,https://www.rt-mart.com.tw/nh2/index.php?action=product_sort&prod_sort_uid=90657
居家清潔,廚浴清潔/居家整理用具,水槽用具/壁貼,https://www.rt-mart.com.tw/nh2/index.php?action=product_sort&prod_sort_uid=90691
居家清潔,廚浴清潔/居家整理用具,家庭整理用具,https://www.rt-mart.com.tw/nh2/index.php?action=product_sort&prod_sort_uid=90725
居家清潔,廚浴清潔/居家整理用具,整理配件,https://www.rt-mart.com.tw/nh2/index.php?action=product_sort&prod_sort_uid=90759
廚房五金,鍋具,平底鍋25cm以下,https://www.rt-mart.com.tw/nh2/index.php?action=product_sort&prod_sort_uid=90793
廚房五金,鍋具,平底鍋26~29cm,https://www.rt-mart.com.tw/nh2/index.php?action=product_sort&prod_sort_uid=90827
廚房五金,鍋具,平底鍋30cm以上,https://www.rt-mart.com.tw/nh2/index.php?action=product_sort&prod_sort_uid=90861
廚房五金,鍋具,炒鍋26~34cm,https://www.rt-mart.com.tw/nh2/index.php?action=product_sort&prod_sort_uid=90895
廚房五金,鍋具,炒鍋35~36cm,https://www.rt-mart.com.tw/nh2/index.php?action=product_sort&prod_sort_uid=90929
廚房五金,鍋具,炒鍋37~40cm,https://www.rt-mart.com.tw/nh2/index.php?action=product_sort&prod_sort_uid=90963
廚房五金,鍋具,炒鍋41cm以上,https://www.rt-mart.com.tw/nh2/index.php?action=product_sort&prod_sort_uid=90997
廚房五金,鍋具,湯鍋22cm以下,https://www.rt-mart.com.tw/nh2/index.php?action=product_sort&prod_sort_uid=91031
廚房五金,鍋具,湯鍋23~30cm,https://www.rt-mart.com.tw/nh2/index.php?action=product_sort&prod_sort_uid=91065
廚房五金,鍋具,湯鍋31cm以上,https://www.rt-mart.com.tw/nh2/index.php?action=product_sort&prod_sort_uid=91099
廚房五金,鍋具,火鍋/不鏽鋼調理容器,https://www.rt-mart.com.tw/nh2/index.php?action=product_sort&prod_sort_uid=91133
廚房五金,鍋具,玻璃鍋/悶燒鍋,https://www.rt-mart.com.tw/nh2/index.php?action=product_sort&prod_sort_uid=91167
廚房五金,鍋具,鍋蓋/配件,https://www.rt-mart.com.tw/nh2/index.php?action=product_sort&prod_sort_uid=91201
廚房五金,咖啡 / 茶具組,咖啡用具,https://www.rt-mart.com.tw/nh2/index.php?action=product_sort&prod_sort_uid=91235
廚房五金,咖啡 / 茶具組,泡茶用具,https://www.rt-mart.com.tw/nh2/index.php?action=product_sort&prod_sort_uid=91269
廚房五金,料理用具,刀具,https://www.rt-mart.com.tw/nh2/index.php?action=product_sort&prod_sort_uid=91303
廚房五金,料理用具,調理用具,https://www.rt-mart.com.tw/nh2/index.php?action=product_sort&prod_sort_uid=91337
廚房五金,料理用具,湯勺鍋鏟/烹調用具,https://www.rt-mart.com.tw/nh2/index.php?action=product_sort&prod_sort_uid=91371
廚房五金,料理用具,烘培用具,https://www.rt-mart.com.tw/nh2/index.php?action=product_sort&prod_sort_uid=91405
廚房五金,料理用具,砧板,https://www.rt-mart.com.tw/nh2/index.php?action=product_sort&prod_sort_uid=91439
廚房五金,碗盤 / 餐具,兒童 / 美耐皿餐具,https://www.rt-mart.com.tw/nh2/index.php?action=product_sort&prod_sort_uid=91473
廚房五金,碗盤 / 餐具,不鏽鋼/玻璃餐具,https://www.rt-mart.com.tw/nh2/index.php?action=product_sort&prod_sort_uid=91507
廚房五金,碗盤 / 餐具,刀叉/筷子,https://www.rt-mart.com.tw/nh2/index.php?action=product_sort&prod_sort_uid=91541
廚房五金,碗盤 / 餐具,碗盤,https://www.rt-mart.com.tw/nh2/index.php?action=product_sort&prod_sort_uid=91575
廚房五金,碗盤 / 餐具,餐墊,https://www.rt-mart.com.tw/nh2/index.php?action=product_sort&prod_sort_uid=91609
廚房五金,廚房用具/收納,廚房收納系列,https://www.rt-mart.com.tw/nh2/index.php?action=product_sort&prod_sort_uid=91643
廚房五金,廚房用具/收納,調味罐,https://www.rt-mart.com.tw/nh2/index.php?action=product_sort&prod_sort_uid=91677
廚房五金,廚房用具/收納,隔熱/圍裙,https://www.rt-mart.com.tw/nh2/index.php?action=product_sort&prod_sort_uid=91711
廚房五金,廚房用具/收納,廚房收納系列,https://www.rt-mart.com.tw/nh2/index.php?action=product_sort&prod_sort_uid=91745
廚房五金,廚房用具/收納,便當盒,https://www.rt-mart.com.tw/nh2/index.php?action=product_sort&prod_sort_uid=91779
廚房五金,免洗餐具 / 祭祀用品,紙免洗餐具,https://www.rt-mart.com.tw/nh2/index.php?action=product_sort&prod_sort_uid=91813
廚房五金,免洗餐具 / 祭祀用品,塑膠免洗餐具,https://www.rt-mart.com.tw/nh2/index.php?action=product_sort&prod_sort_uid=91847
廚房五金,免洗餐具 / 祭祀用品,餐巾紙/餐盒/用具,https://www.rt-mart.com.tw/nh2/index.php?action=product_sort&prod_sort_uid=91881
廚房五金,免洗餐具 / 祭祀用品,免洗筷/刀叉,https://www.rt-mart.com.tw/nh2/index.php?action=product_sort&prod_sort_uid=91915
廚房五金,免洗餐具 / 祭祀用品,祭祀用品,https://www.rt-mart.com.tw/nh2/index.php?action=product_sort&prod_sort_uid=91949
廚房五金,杯 / 壺類,玻璃水杯 / 酒杯,https://www.rt-mart.com.tw/nh2/index.php?action=product_sort&prod_sort_uid=91983
廚房五金,杯 / 壺類,馬克杯/鋼杯,https://www.rt-mart.com.tw/nh2/index.php?action=product_sort&prod_sort_uid=92017
廚房五金,杯 / 壺類,水壺/茶壺/配件,https://www.rt-mart.com.tw/nh2/index.php?action=product_sort&prod_sort_uid=92051
廚房五金,杯 / 壺類,保溫瓶 400,https://www.rt-mart.com.tw/nh2/index.php?action=product_sort&prod_sort_uid=92085
廚房五金,杯 / 壺類,保溫瓶 400-600,https://www.rt-mart.com.tw/nh2/index.php?action=product_sort&prod_sort_uid=92119
廚房五金,杯 / 壺類,保溫瓶 600,https://www.rt-mart.com.tw/nh2/index.php?action=product_sort&prod_sort_uid=92153
廚房五金,杯 / 壺類,悶燒罐  / 保溫壺,https://www.rt-mart.com.tw/nh2/index.php?action=product_sort&prod_sort_uid=92187
廚房五金,保鮮盒 / 保鮮膜,保鮮盒,https://www.rt-mart.com.tw/nh2/index.php?action=product_sort&prod_sort_uid=92255
廚房五金,保鮮盒 / 保鮮膜,保鮮膜,https://www.rt-mart.com.tw/nh2/index.php?action=product_sort&prod_sort_uid=92289
廚房五金,保鮮盒 / 保鮮膜,食物袋 / 夾鏈袋 ,https://www.rt-mart.com.tw/nh2/index.php?action=product_sort&prod_sort_uid=92323
廚房五金,保鮮盒 / 保鮮膜,鋁箔/鋁容器,https://www.rt-mart.com.tw/nh2/index.php?action=product_sort&prod_sort_uid=92357
居家整理,燈具/泡,傳統燈泡 / 燈管 ,https://www.rt-mart.com.tw/nh2/index.php?action=product_sort&prod_sort_uid=93105
居家整理,燈具/泡,鹵素燈泡 / 杯燈 ,https://www.rt-mart.com.tw/nh2/index.php?action=product_sort&prod_sort_uid=93139
居家整理,燈具/泡,LED燈泡11W以上,https://www.rt-mart.com.tw/nh2/index.php?action=product_sort&prod_sort_uid=93241
居家整理,燈具/泡,省電螺旋燈泡26W以上,https://www.rt-mart.com.tw/nh2/index.php?action=product_sort&prod_sort_uid=93343
居家整理,燈具/泡,桌燈,https://www.rt-mart.com.tw/nh2/index.php?action=product_sort&prod_sort_uid=93411
居家整理,燈具/泡,夜燈/夾燈,https://www.rt-mart.com.tw/nh2/index.php?action=product_sort&prod_sort_uid=93445
居家整理,燈具/泡,立燈 / 日光燈具,https://www.rt-mart.com.tw/nh2/index.php?action=product_sort&prod_sort_uid=93479
居家整理,櫃類,書櫃 / 書架,https://www.rt-mart.com.tw/nh2/index.php?action=product_sort&prod_sort_uid=93547
居家整理,櫃類,電視櫃,https://www.rt-mart.com.tw/nh2/index.php?action=product_sort&prod_sort_uid=93581
居家整理,櫃類,三層櫃,https://www.rt-mart.com.tw/nh2/index.php?action=product_sort&prod_sort_uid=93649
居家整理,椅子及沙發,辦公 / 扶手椅,https://www.rt-mart.com.tw/nh2/index.php?action=product_sort&prod_sort_uid=93717
居家整理,椅子及沙發,塑膠椅 / 櫈,https://www.rt-mart.com.tw/nh2/index.php?action=product_sort&prod_sort_uid=93751
居家整理,椅子及沙發,折疊椅 / 椅櫈,https://www.rt-mart.com.tw/nh2/index.php?action=product_sort&prod_sort_uid=93785
居家整理,椅子及沙發,和式椅,https://www.rt-mart.com.tw/nh2/index.php?action=product_sort&prod_sort_uid=93853
居家整理,桌類,電腦桌 / 配件,https://www.rt-mart.com.tw/nh2/index.php?action=product_sort&prod_sort_uid=93955
居家整理,桌類,工作桌 /辦公桌 / 書桌,https://www.rt-mart.com.tw/nh2/index.php?action=product_sort&prod_sort_uid=93989
居家整理,桌類,和室桌,https://www.rt-mart.com.tw/nh2/index.php?action=product_sort&prod_sort_uid=94023
居家整理,桌類,麻將桌 / 拜拜桌 / 餐桌,https://www.rt-mart.com.tw/nh2/index.php?action=product_sort&prod_sort_uid=94057
居家整理,鐵力士架/配件,鐵力士架 / 配件 ,https://www.rt-mart.com.tw/nh2/index.php?action=product_sort&prod_sort_uid=94125
居家整理,鐵力士架/配件,衣櫥 / 配件,https://www.rt-mart.com.tw/nh2/index.php?action=product_sort&prod_sort_uid=94159
居家整理,鐵力士架/配件,吊衣桿,https://www.rt-mart.com.tw/nh2/index.php?action=product_sort&prod_sort_uid=94193
居家整理,鐵力士架/配件,鏡子 / 衣帽架,https://www.rt-mart.com.tw/nh2/index.php?action=product_sort&prod_sort_uid=94227
居家整理,儲藏用品,掀蓋式整理箱,https://www.rt-mart.com.tw/nh2/index.php?action=product_sort&prod_sort_uid=94261
居家整理,儲藏用品,抽屜式整理箱,https://www.rt-mart.com.tw/nh2/index.php?action=product_sort&prod_sort_uid=94295
居家整理,儲藏用品,多層櫃式整理箱,https://www.rt-mart.com.tw/nh2/index.php?action=product_sort&prod_sort_uid=94329
居家整理,儲藏用品,置物籃架,https://www.rt-mart.com.tw/nh2/index.php?action=product_sort&prod_sort_uid=94363
居家整理,儲藏用品,儲藏箱,https://www.rt-mart.com.tw/nh2/index.php?action=product_sort&prod_sort_uid=94397
居家整理,儲藏用品,鞋架/配件,https://www.rt-mart.com.tw/nh2/index.php?action=product_sort&prod_sort_uid=94431
居家整理,地墊 / 窗簾,拼裝地墊,https://www.rt-mart.com.tw/nh2/index.php?action=product_sort&prod_sort_uid=94465
居家整理,地墊 / 窗簾,室內外地墊                      ,https://www.rt-mart.com.tw/nh2/index.php?action=product_sort&prod_sort_uid=94499
居家整理,地墊 / 窗簾,門簾 / 窗簾 / 桌布 / 配件,https://www.rt-mart.com.tw/nh2/index.php?action=product_sort&prod_sort_uid=94567
運動休閒,腳踏車/配件,童車,https://www.rt-mart.com.tw/nh2/index.php?action=product_sort&prod_sort_uid=97525
運動休閒,腳踏車/配件,城市車/登山車 / 公路車   ,https://www.rt-mart.com.tw/nh2/index.php?action=product_sort&prod_sort_uid=97559
運動休閒,腳踏車/配件,摺疊式/淑女/親子車                   ,https://www.rt-mart.com.tw/nh2/index.php?action=product_sort&prod_sort_uid=97593
運動休閒,腳踏車/配件,騎士用品,https://www.rt-mart.com.tw/nh2/index.php?action=product_sort&prod_sort_uid=97627
運動休閒,腳踏車/配件,車身用具/燈具/置物袋,https://www.rt-mart.com.tw/nh2/index.php?action=product_sort&prod_sort_uid=97661
運動休閒,行李用品,硬殼行李箱,https://www.rt-mart.com.tw/nh2/index.php?action=product_sort&prod_sort_uid=97695
運動休閒,行李用品,行李袋/箱套/配件,https://www.rt-mart.com.tw/nh2/index.php?action=product_sort&prod_sort_uid=97763
運動休閒,行李用品,休閒/運動背包,https://www.rt-mart.com.tw/nh2/index.php?action=product_sort&prod_sort_uid=97797
運動休閒,行李用品,腰包/登山包,https://www.rt-mart.com.tw/nh2/index.php?action=product_sort&prod_sort_uid=97865
運動休閒,球類/滑輪,棒/籃/足/排球,https://www.rt-mart.com.tw/nh2/index.php?action=product_sort&prod_sort_uid=97899
運動休閒,球類/滑輪,桌羽網球/配件,https://www.rt-mart.com.tw/nh2/index.php?action=product_sort&prod_sort_uid=97933
運動休閒,球類/滑輪,滑輪/滑板,https://www.rt-mart.com.tw/nh2/index.php?action=product_sort&prod_sort_uid=97967
運動休閒,健身/跑步/瑜珈,運動護具,https://www.rt-mart.com.tw/nh2/index.php?action=product_sort&prod_sort_uid=98001
運動休閒,健身/跑步/瑜珈,瑜珈用品,https://www.rt-mart.com.tw/nh2/index.php?action=product_sort&prod_sort_uid=98035
運動休閒,健身/跑步/瑜珈,跑步用品,https://www.rt-mart.com.tw/nh2/index.php?action=product_sort&prod_sort_uid=98069
運動休閒,健身/跑步/瑜珈,健身工具,https://www.rt-mart.com.tw/nh2/index.php?action=product_sort&prod_sort_uid=98103
運動休閒,泳鏡/泳圈,泳池/戲水/充氣用品,https://www.rt-mart.com.tw/nh2/index.php?action=product_sort&prod_sort_uid=98171
運動休閒,泳鏡/泳圈,戲水玩具,https://www.rt-mart.com.tw/nh2/index.php?action=product_sort&prod_sort_uid=98205
戶外園藝,戶外用具,帳篷 / 睡袋/睡墊,https://www.rt-mart.com.tw/nh2/index.php?action=product_sort&prod_sort_uid=98239
戶外園藝,戶外用具,配件/工具,https://www.rt-mart.com.tw/nh2/index.php?action=product_sort&prod_sort_uid=98341
戶外園藝,烤肉野炊,野炊 / 點火槍,https://www.rt-mart.com.tw/nh2/index.php?action=product_sort&prod_sort_uid=98375
戶外園藝,烤肉野炊,烤肉架/木炭,https://www.rt-mart.com.tw/nh2/index.php?action=product_sort&prod_sort_uid=98409
戶外園藝,園藝,盆栽植物/種苗,https://www.rt-mart.com.tw/nh2/index.php?action=product_sort&prod_sort_uid=98443
戶外園藝,園藝,澆水用具 / 修剪工具,https://www.rt-mart.com.tw/nh2/index.php?action=product_sort&prod_sort_uid=98477
戶外園藝,園藝,肥料/培養土/養護施劑,https://www.rt-mart.com.tw/nh2/index.php?action=product_sort&prod_sort_uid=98511
戶外園藝,園藝,花盆/花器,https://www.rt-mart.com.tw/nh2/index.php?action=product_sort&prod_sort_uid=98545
戶外園藝,園藝,園藝佈置,https://www.rt-mart.com.tw/nh2/index.php?action=product_sort&prod_sort_uid=98579
寵物商品,愛犬食品,乾狗糧,https://www.rt-mart.com.tw/nh2/index.php?action=product_sort&prod_sort_uid=98613
寵物商品,愛犬食品,溼狗食,https://www.rt-mart.com.tw/nh2/index.php?action=product_sort&prod_sort_uid=98647
寵物商品,愛犬食品,狗點心,https://www.rt-mart.com.tw/nh2/index.php?action=product_sort&prod_sort_uid=98681
寵物商品,愛貓食品,乾貓食,https://www.rt-mart.com.tw/nh2/index.php?action=product_sort&prod_sort_uid=98715
寵物商品,愛貓食品,溼貓食,https://www.rt-mart.com.tw/nh2/index.php?action=product_sort&prod_sort_uid=98749
寵物商品,愛貓食品,貓點心,https://www.rt-mart.com.tw/nh2/index.php?action=product_sort&prod_sort_uid=98783
寵物商品,小型寵物食品,兔子&鼠飼料,https://www.rt-mart.com.tw/nh2/index.php?action=product_sort&prod_sort_uid=98817
寵物商品,小型寵物食品,鳥&魚飼料,https://www.rt-mart.com.tw/nh2/index.php?action=product_sort&prod_sort_uid=98851
寵物商品,小型寵物食品,其他寵物食品,https://www.rt-mart.com.tw/nh2/index.php?action=product_sort&prod_sort_uid=98885
寵物商品,寵物用品,狗用品配件,https://www.rt-mart.com.tw/nh2/index.php?action=product_sort&prod_sort_uid=98919
寵物商品,寵物用品,貓用品配件,https://www.rt-mart.com.tw/nh2/index.php?action=product_sort&prod_sort_uid=98953
寵物商品,寵物用品,其他寵物配件,https://www.rt-mart.com.tw/nh2/index.php?action=product_sort&prod_sort_uid=98987
大小家電,電視 / 多媒體,40吋-47吋平面電視,https://www.rt-mart.com.tw/nh2/index.php?action=product_sort&prod_sort_uid=99055
大小家電,電視 / 多媒體,48吋-59吋平面電視,https://www.rt-mart.com.tw/nh2/index.php?action=product_sort&prod_sort_uid=99089
大小家電,電視 / 多媒體,家庭劇院/卡拉OK/音響,https://www.rt-mart.com.tw/nh2/index.php?action=product_sort&prod_sort_uid=99157
大小家電,電視 / 多媒體,投影機/撥放器,https://www.rt-mart.com.tw/nh2/index.php?action=product_sort&prod_sort_uid=99191
大小家電,電視 / 多媒體,視訊盒/配件,https://www.rt-mart.com.tw/nh2/index.php?action=product_sort&prod_sort_uid=99225
大小家電,電冰箱,變頻冰箱400公升以下,https://www.rt-mart.com.tw/nh2/index.php?action=product_sort&prod_sort_uid=99293
大小家電,電冰箱,變頻冰箱400公升以上,https://www.rt-mart.com.tw/nh2/index.php?action=product_sort&prod_sort_uid=99327
大小家電,洗衣機,乾衣機 / 脫水機,https://www.rt-mart.com.tw/nh2/index.php?action=product_sort&prod_sort_uid=99395
大小家電,洗衣機,洗衣機14Kg以下,https://www.rt-mart.com.tw/nh2/index.php?action=product_sort&prod_sort_uid=99463
大小家電,洗衣機,洗衣機15Kg以上,https://www.rt-mart.com.tw/nh2/index.php?action=product_sort&prod_sort_uid=99497
大小家電,洗衣機,變頻洗衣機11Kg以下,https://www.rt-mart.com.tw/nh2/index.php?action=product_sort&prod_sort_uid=99531
大小家電,洗衣機,變頻洗衣機14Kg以下,https://www.rt-mart.com.tw/nh2/index.php?action=product_sort&prod_sort_uid=99565
大小家電,洗衣機,變頻洗衣機15Kg以上,https://www.rt-mart.com.tw/nh2/index.php?action=product_sort&prod_sort_uid=99599
大小家電,洗衣機,滾筒洗衣機,https://www.rt-mart.com.tw/nh2/index.php?action=product_sort&prod_sort_uid=99633
大小家電,生活家電,咖啡機/磨豆機/奶泡機,https://www.rt-mart.com.tw/nh2/index.php?action=product_sort&prod_sort_uid=99667
大小家電,生活家電,電茶壺 / 熱水瓶 / 開飲機,https://www.rt-mart.com.tw/nh2/index.php?action=product_sort&prod_sort_uid=99701
大小家電,生活家電,電熱水器,https://www.rt-mart.com.tw/nh2/index.php?action=product_sort&prod_sort_uid=99735
大小家電,生活家電,捕蚊燈/拍,https://www.rt-mart.com.tw/nh2/index.php?action=product_sort&prod_sort_uid=99769
大小家電,生活家電,桌扇 / 箱扇 / 壁扇 ,https://www.rt-mart.com.tw/nh2/index.php?action=product_sort&prod_sort_uid=99871
大小家電,生活家電,工業扇/排風扇/配件,https://www.rt-mart.com.tw/nh2/index.php?action=product_sort&prod_sort_uid=99905
大小家電,生活家電,吸塵器,https://www.rt-mart.com.tw/nh2/index.php?action=product_sort&prod_sort_uid=99939
大小家電,生活家電,熨斗/縫紉機,https://www.rt-mart.com.tw/nh2/index.php?action=product_sort&prod_sort_uid=99973
大小家電,廚房家電,果汁機 / 調理機/攪拌機,https://www.rt-mart.com.tw/nh2/index.php?action=product_sort&prod_sort_uid=100007
大小家電,廚房家電,泡茶組 / 煎藥壺,https://www.rt-mart.com.tw/nh2/index.php?action=product_sort&prod_sort_uid=100041
大小家電,廚房家電,麵包機 / 鬆餅機,https://www.rt-mart.com.tw/nh2/index.php?action=product_sort&prod_sort_uid=100075
大小家電,廚房家電,調理鍋 / 壓力鍋,https://www.rt-mart.com.tw/nh2/index.php?action=product_sort&prod_sort_uid=100109
大小家電,廚房家電,鐵板燒 / 廚房配件,https://www.rt-mart.com.tw/nh2/index.php?action=product_sort&prod_sort_uid=100143
大小家電,廚房家電,烤箱 / 微波爐,https://www.rt-mart.com.tw/nh2/index.php?action=product_sort&prod_sort_uid=100177
大小家電,廚房家電,電鍋 / 電子鍋 / 調理鍋,https://www.rt-mart.com.tw/nh2/index.php?action=product_sort&prod_sort_uid=100211
大小家電,廚房家電,電磁爐/瓦斯爐,https://www.rt-mart.com.tw/nh2/index.php?action=product_sort&prod_sort_uid=100245
大小家電,廚房家電,烘 / 洗碗機,https://www.rt-mart.com.tw/nh2/index.php?action=product_sort&prod_sort_uid=100279
大小家電,除濕機 / 空氣清淨機 /電暖器,除濕機,https://www.rt-mart.com.tw/nh2/index.php?action=product_sort&prod_sort_uid=100517
大小家電,除濕機 / 空氣清淨機 /電暖器,空氣清淨機,https://www.rt-mart.com.tw/nh2/index.php?action=product_sort&prod_sort_uid=100551
大小家電,分離式冷氣,變頻,https://www.rt-mart.com.tw/nh2/index.php?action=product_sort&prod_sort_uid=100755
服飾鞋類,男女內著類,男下內著,https://www.rt-mart.com.tw/nh2/index.php?action=product_sort&prod_sort_uid=101843
服飾鞋類,男女內著類,襪類,https://www.rt-mart.com.tw/nh2/index.php?action=product_sort&prod_sort_uid=101945
服飾鞋類,男女內著類,免洗襪 / 褲,https://www.rt-mart.com.tw/nh2/index.php?action=product_sort&prod_sort_uid=101979
服飾鞋類,男下著,休閒褲,https://www.rt-mart.com.tw/nh2/index.php?action=product_sort&prod_sort_uid=102251
服飾鞋類,童裝,童內著,https://www.rt-mart.com.tw/nh2/index.php?action=product_sort&prod_sort_uid=102659
服飾鞋類,飾品配件,男配件,https://www.rt-mart.com.tw/nh2/index.php?action=product_sort&prod_sort_uid=102693
服飾鞋類,飾品配件,女配件,https://www.rt-mart.com.tw/nh2/index.php?action=product_sort&prod_sort_uid=102727
服飾鞋類,飾品配件,晴雨傘,https://www.rt-mart.com.tw/nh2/index.php?action=product_sort&prod_sort_uid=102795
服飾鞋類,鞋類,室內拖,https://www.rt-mart.com.tw/nh2/index.php?action=product_sort&prod_sort_uid=102863
服飾鞋類,鞋類,外拖,https://www.rt-mart.com.tw/nh2/index.php?action=product_sort&prod_sort_uid=102897
服飾鞋類,鞋類,童拖,https://www.rt-mart.com.tw/nh2/index.php?action=product_sort&prod_sort_uid=102931
DIY用具,廚 / 衛 / 水材五金,水龍頭 / 水龍頭配件,https://www.rt-mart.com.tw/nh2/index.php?action=product_sort&prod_sort_uid=92391
DIY用具,廚 / 衛 / 水材五金,廚衛置物架,https://www.rt-mart.com.tw/nh2/index.php?action=product_sort&prod_sort_uid=92425
DIY用具,廚 / 衛 / 水材五金,馬桶蓋 / 免治馬桶座 / 馬桶配件,https://www.rt-mart.com.tw/nh2/index.php?action=product_sort&prod_sort_uid=92459
DIY用具,廚 / 衛 / 水材五金,蓮蓬頭 / 蓮蓬頭配件,https://www.rt-mart.com.tw/nh2/index.php?action=product_sort&prod_sort_uid=92493
DIY用具,廚 / 衛 / 水材五金,浴簾 / 浴室鏡 / 晒衣桿,https://www.rt-mart.com.tw/nh2/index.php?action=product_sort&prod_sort_uid=92527
DIY用具,廚 / 衛 / 水材五金,廚衛配件,https://www.rt-mart.com.tw/nh2/index.php?action=product_sort&prod_sort_uid=92561
DIY用具,廚 / 衛 / 水材五金,泡澡用品,https://www.rt-mart.com.tw/nh2/index.php?action=product_sort&prod_sort_uid=92595
DIY用具,五金 / 照明 / 居家安全,掛勾 / 釘子/螺絲,https://www.rt-mart.com.tw/nh2/index.php?action=product_sort&prod_sort_uid=92629
DIY用具,五金 / 照明 / 居家安全,螺絲起子/板手/ 電鑽,https://www.rt-mart.com.tw/nh2/index.php?action=product_sort&prod_sort_uid=92663
DIY用具,五金 / 照明 / 居家安全,裝飾/ 時鐘/壁紙,https://www.rt-mart.com.tw/nh2/index.php?action=product_sort&prod_sort_uid=92697
DIY用具,五金 / 照明 / 居家安全,延長線 / /插頭/變壓器 ,https://www.rt-mart.com.tw/nh2/index.php?action=product_sort&prod_sort_uid=92731
DIY用具,五金 / 照明 / 居家安全,消防 / 照明設備,https://www.rt-mart.com.tw/nh2/index.php?action=product_sort&prod_sort_uid=92765
DIY用具,五金 / 照明 / 居家安全,各類五金/其他,https://www.rt-mart.com.tw/nh2/index.php?action=product_sort&prod_sort_uid=92799
DIY用具,五金 / 照明 / 居家安全,油漆/鋁梯,https://www.rt-mart.com.tw/nh2/index.php?action=product_sort&prod_sort_uid=92833
DIY用具,五金 / 照明 / 居家安全,瞬間膠/速利康,https://www.rt-mart.com.tw/nh2/index.php?action=product_sort&prod_sort_uid=92867
DIY用具,濾水器,濾水機/配件,https://www.rt-mart.com.tw/nh2/index.php?action=product_sort&prod_sort_uid=92901
DIY用具,濾水器,濾水壺/濾水壺濾心,https://www.rt-mart.com.tw/nh2/index.php?action=product_sort&prod_sort_uid=92935
DIY用具,濾水器,各式濾水機濾心,https://www.rt-mart.com.tw/nh2/index.php?action=product_sort&prod_sort_uid=92969
DIY用具,電池,鹼性電池,https://www.rt-mart.com.tw/nh2/index.php?action=product_sort&prod_sort_uid=93003
DIY用具,電池,碳鋅電池,https://www.rt-mart.com.tw/nh2/index.php?action=product_sort&prod_sort_uid=93037
寢具,方/毛/浴巾,方巾,https://www.rt-mart.com.tw/nh2/index.php?action=product_sort&prod_sort_uid=94601
寢具,方/毛/浴巾,毛巾,https://www.rt-mart.com.tw/nh2/index.php?action=product_sort&prod_sort_uid=94635
寢具,方/毛/浴巾,浴巾,https://www.rt-mart.com.tw/nh2/index.php?action=product_sort&prod_sort_uid=94669
寢具,方/毛/浴巾,童巾,https://www.rt-mart.com.tw/nh2/index.php?action=product_sort&prod_sort_uid=94703
寢具,床包/被組,純棉床包/床罩組,https://www.rt-mart.com.tw/nh2/index.php?action=product_sort&prod_sort_uid=94771
寢具,床包/被組,聚酯纖維床包/床罩組,https://www.rt-mart.com.tw/nh2/index.php?action=product_sort&prod_sort_uid=94805
寢具,棉被/被套,涼夏被 / 兩用被/毛毯,https://www.rt-mart.com.tw/nh2/index.php?action=product_sort&prod_sort_uid=94941
寢具,棉被/被套,被套,https://www.rt-mart.com.tw/nh2/index.php?action=product_sort&prod_sort_uid=94975
寢具,枕頭,聚酯纖維枕 / 防蹣抗菌枕,https://www.rt-mart.com.tw/nh2/index.php?action=product_sort&prod_sort_uid=95009
寢具,枕頭,記憶枕,https://www.rt-mart.com.tw/nh2/index.php?action=product_sort&prod_sort_uid=95043
寢具,枕頭,乳膠枕，機能枕,https://www.rt-mart.com.tw/nh2/index.php?action=product_sort&prod_sort_uid=95077
寢具,枕頭,羽毛 / 複合纖維 / 竹碳枕,https://www.rt-mart.com.tw/nh2/index.php?action=product_sort&prod_sort_uid=95179
寢具,床墊,冬夏兩用床墊                  ,https://www.rt-mart.com.tw/nh2/index.php?action=product_sort&prod_sort_uid=95213
寢具,床墊,記憶床墊 ，乳膠床墊                     ,https://www.rt-mart.com.tw/nh2/index.php?action=product_sort&prod_sort_uid=95247
寢具,床墊,日式摺疊床墊,https://www.rt-mart.com.tw/nh2/index.php?action=product_sort&prod_sort_uid=95281
寢具,床墊,保潔墊,https://www.rt-mart.com.tw/nh2/index.php?action=product_sort&prod_sort_uid=95315
寢具,兒童寢飾,床包/被套,https://www.rt-mart.com.tw/nh2/index.php?action=product_sort&prod_sort_uid=95451
寢具,兒童寢飾,枕頭/睡袋,https://www.rt-mart.com.tw/nh2/index.php?action=product_sort&prod_sort_uid=95485
文具/玩具,書寫用具,鉛筆,https://www.rt-mart.com.tw/nh2/index.php?action=product_sort&prod_sort_uid=95519
文具/玩具,書寫用具,原子筆,https://www.rt-mart.com.tw/nh2/index.php?action=product_sort&prod_sort_uid=95553
文具/玩具,書寫用具,中性筆,https://www.rt-mart.com.tw/nh2/index.php?action=product_sort&prod_sort_uid=95587
文具/玩具,書寫用具,鋼珠筆/鋼筆,https://www.rt-mart.com.tw/nh2/index.php?action=product_sort&prod_sort_uid=95621
文具/玩具,書寫用具,螢光筆/麥克筆,https://www.rt-mart.com.tw/nh2/index.php?action=product_sort&prod_sort_uid=95655
文具/玩具,文具用品,膠帶/台,https://www.rt-mart.com.tw/nh2/index.php?action=product_sort&prod_sort_uid=95689
文具/玩具,文具用品,膠水,https://www.rt-mart.com.tw/nh2/index.php?action=product_sort&prod_sort_uid=95723
文具/玩具,文具用品,剪刀,https://www.rt-mart.com.tw/nh2/index.php?action=product_sort&prod_sort_uid=95757
文具/玩具,文具用品,美工刀/切割版/桌墊,https://www.rt-mart.com.tw/nh2/index.php?action=product_sort&prod_sort_uid=95791
文具/玩具,文具用品,釘書機/打孔機,https://www.rt-mart.com.tw/nh2/index.php?action=product_sort&prod_sort_uid=95825
文具/玩具,文具用品,辦公用品,https://www.rt-mart.com.tw/nh2/index.php?action=product_sort&prod_sort_uid=95859
文具/玩具,文具用品,橡皮擦/立可帶,https://www.rt-mart.com.tw/nh2/index.php?action=product_sort&prod_sort_uid=95893
文具/玩具,文具用品,筆盒/削鉛筆機,https://www.rt-mart.com.tw/nh2/index.php?action=product_sort&prod_sort_uid=95927
文具/玩具,文具用品,白板/白板筆,https://www.rt-mart.com.tw/nh2/index.php?action=product_sort&prod_sort_uid=95961
文具/玩具,檔案收納,彈簧夾/強力夾,https://www.rt-mart.com.tw/nh2/index.php?action=product_sort&prod_sort_uid=95995
文具/玩具,檔案收納,資料簿/孔夾,https://www.rt-mart.com.tw/nh2/index.php?action=product_sort&prod_sort_uid=96029
文具/玩具,檔案收納,活頁夾/文件套/名片夾(本),https://www.rt-mart.com.tw/nh2/index.php?action=product_sort&prod_sort_uid=96063
文具/玩具,檔案收納,公文架/櫃,https://www.rt-mart.com.tw/nh2/index.php?action=product_sort&prod_sort_uid=96097
文具/玩具,檔案收納,風琴夾/拉鍊袋,https://www.rt-mart.com.tw/nh2/index.php?action=product_sort&prod_sort_uid=96131
文具/玩具,檔案收納,相本/框,https://www.rt-mart.com.tw/nh2/index.php?action=product_sort&prod_sort_uid=96165
文具/玩具,檔案收納,整理盒,https://www.rt-mart.com.tw/nh2/index.php?action=product_sort&prod_sort_uid=96199
文具/玩具,紙製品/工商日誌,筆記本,https://www.rt-mart.com.tw/nh2/index.php?action=product_sort&prod_sort_uid=96233
文具/玩具,紙製品/工商日誌,影印紙/傳真紙,https://www.rt-mart.com.tw/nh2/index.php?action=product_sort&prod_sort_uid=96267
文具/玩具,紙製品/工商日誌,標籤紙,https://www.rt-mart.com.tw/nh2/index.php?action=product_sort&prod_sort_uid=96301
文具/玩具,紙製品/工商日誌,辦公用紙,https://www.rt-mart.com.tw/nh2/index.php?action=product_sort&prod_sort_uid=96335
文具/玩具,學生書包,後背/護脊書包,https://www.rt-mart.com.tw/nh2/index.php?action=product_sort&prod_sort_uid=96403
文具/玩具,學生書包,提袋,https://www.rt-mart.com.tw/nh2/index.php?action=product_sort&prod_sort_uid=96471
文具/玩具,美術用品,水彩(筆)/顏料,https://www.rt-mart.com.tw/nh2/index.php?action=product_sort&prod_sort_uid=96505
文具/玩具,美術用品,彩色筆,https://www.rt-mart.com.tw/nh2/index.php?action=product_sort&prod_sort_uid=96539
文具/玩具,美術用品,粉/油蠟筆,https://www.rt-mart.com.tw/nh2/index.php?action=product_sort&prod_sort_uid=96573
文具/玩具,美術用品,色鉛筆,https://www.rt-mart.com.tw/nh2/index.php?action=product_sort&prod_sort_uid=96607
文具/玩具,美術用品,美術材料,https://www.rt-mart.com.tw/nh2/index.php?action=product_sort&prod_sort_uid=96641
文具/玩具,美術用品,書法/手做/雕塑用具,https://www.rt-mart.com.tw/nh2/index.php?action=product_sort&prod_sort_uid=96675
文具/玩具,玩具/童書,男孩玩具,https://www.rt-mart.com.tw/nh2/index.php?action=product_sort&prod_sort_uid=96709
文具/玩具,玩具/童書,女孩玩具,https://www.rt-mart.com.tw/nh2/index.php?action=product_sort&prod_sort_uid=96743
文具/玩具,玩具/童書,啟蒙教育玩具,https://www.rt-mart.com.tw/nh2/index.php?action=product_sort&prod_sort_uid=96777
文具/玩具,玩具/童書,兒童叢書,https://www.rt-mart.com.tw/nh2/index.php?action=product_sort&prod_sort_uid=96811
汽機車精品,機油 / 添加劑,汽車機油,https://www.rt-mart.com.tw/nh2/index.php?action=product_sort&prod_sort_uid=96947
汽機車精品,機油 / 添加劑,機車機油,https://www.rt-mart.com.tw/nh2/index.php?action=product_sort&prod_sort_uid=96981
汽機車精品,機油 / 添加劑,添加劑 / 保養劑,https://www.rt-mart.com.tw/nh2/index.php?action=product_sort&prod_sort_uid=97015
汽機車精品,機車騎士用品,安全帽,https://www.rt-mart.com.tw/nh2/index.php?action=product_sort&prod_sort_uid=97049
汽機車精品,機車騎士用品,雨衣,https://www.rt-mart.com.tw/nh2/index.php?action=product_sort&prod_sort_uid=97083
汽機車精品,機車騎士用品,機車配件 ,https://www.rt-mart.com.tw/nh2/index.php?action=product_sort&prod_sort_uid=97117
汽機車精品,機車騎士用品,騎士配件,https://www.rt-mart.com.tw/nh2/index.php?action=product_sort&prod_sort_uid=97151
汽機車精品,汽車車內用品,坐墊 / 踏墊 / 護套 / 香水,https://www.rt-mart.com.tw/nh2/index.php?action=product_sort&prod_sort_uid=97185
汽機車精品,汽車車內用品,遮陽簾 / 配件 / 靠枕 ,https://www.rt-mart.com.tw/nh2/index.php?action=product_sort&prod_sort_uid=97219
汽機車精品,汽車車內用品,插座/車用電流品 ,https://www.rt-mart.com.tw/nh2/index.php?action=product_sort&prod_sort_uid=97253
汽機車精品,汽車車外用品,美容保養用品,https://www.rt-mart.com.tw/nh2/index.php?action=product_sort&prod_sort_uid=97287
汽機車精品,汽車車外用品,車蠟,https://www.rt-mart.com.tw/nh2/index.php?action=product_sort&prod_sort_uid=97321
汽機車精品,汽車車外用品,洗車工具,https://www.rt-mart.com.tw/nh2/index.php?action=product_sort&prod_sort_uid=97355
汽機車精品,汽車車外用品,車外飾品,https://www.rt-mart.com.tw/nh2/index.php?action=product_sort&prod_sort_uid=97389
汽機車精品,雨刷,雨刷精,https://www.rt-mart.com.tw/nh2/index.php?action=product_sort&prod_sort_uid=97423
汽機車精品,雨刷,單入雨刷,https://www.rt-mart.com.tw/nh2/index.php?action=product_sort&prod_sort_uid=97457
汽機車精品,雨刷,雙入雨刷,https://www.rt-mart.com.tw/nh2/index.php?action=product_sort&prod_sort_uid=97491
嬰幼兒,外出用品/玩具,汽機車椅/推車/配件,https://www.rt-mart.com.tw/nh2/index.php?action=product_sort&prod_sort_uid=87189
嬰幼兒,外出用品/玩具,抱嬰袋,https://www.rt-mart.com.tw/nh2/index.php?action=product_sort&prod_sort_uid=87223
嬰幼兒,外出用品/玩具,嬰幼兒玩具,https://www.rt-mart.com.tw/nh2/index.php?action=product_sort&prod_sort_uid=87257
嬰幼兒,奶粉/哺育用品,奶粉,https://www.rt-mart.com.tw/nh2/index.php?action=product_sort&prod_sort_uid=87291
嬰幼兒,奶粉/哺育用品,奶瓶 / 奶瓶刷 / 奶嘴,https://www.rt-mart.com.tw/nh2/index.php?action=product_sort&prod_sort_uid=87325
嬰幼兒,奶粉/哺育用品,幼兒營養品,https://www.rt-mart.com.tw/nh2/index.php?action=product_sort&prod_sort_uid=87393
嬰幼兒,奶粉/哺育用品,調乳器 / 溫奶器 / 消毒鍋,https://www.rt-mart.com.tw/nh2/index.php?action=product_sort&prod_sort_uid=87427
嬰幼兒,奶粉/哺育用品,其他哺育用品,https://www.rt-mart.com.tw/nh2/index.php?action=product_sort&prod_sort_uid=87461
嬰幼兒,清潔衛浴,嬰幼兒牙刷 / 牙膏,https://www.rt-mart.com.tw/nh2/index.php?action=product_sort&prod_sort_uid=87495
嬰幼兒,清潔衛浴,濕紙巾,https://www.rt-mart.com.tw/nh2/index.php?action=product_sort&prod_sort_uid=87529
嬰幼兒,清潔衛浴,沐浴洗髮 / 乳液 / 嬰兒油 / 爽身粉 /護理用品,https://www.rt-mart.com.tw/nh2/index.php?action=product_sort&prod_sort_uid=87563
嬰幼兒,清潔衛浴,便盆/浴盆 / 沐浴配件,https://www.rt-mart.com.tw/nh2/index.php?action=product_sort&prod_sort_uid=87597
嬰幼兒,清潔衛浴,澡巾 / 手帕 / 浴巾,https://www.rt-mart.com.tw/nh2/index.php?action=product_sort&prod_sort_uid=87631
嬰幼兒,清潔衛浴,嬰兒衣物清潔劑,https://www.rt-mart.com.tw/nh2/index.php?action=product_sort&prod_sort_uid=87665
嬰幼兒,寢室用品,枕頭,https://www.rt-mart.com.tw/nh2/index.php?action=product_sort&prod_sort_uid=87699
嬰幼兒,寢室用品,床品,https://www.rt-mart.com.tw/nh2/index.php?action=product_sort&prod_sort_uid=87733
嬰幼兒,寢室用品,包巾,https://www.rt-mart.com.tw/nh2/index.php?action=product_sort&prod_sort_uid=87767
嬰幼兒,嬰兒尿布,嬰兒紙尿褲,https://www.rt-mart.com.tw/nh2/index.php?action=product_sort&prod_sort_uid=87801
嬰幼兒,嬰兒尿布,嬰兒褲型紙尿褲,https://www.rt-mart.com.tw/nh2/index.php?action=product_sort&prod_sort_uid=87835
